latitude,longitude,Confidence,Sumber_Satelit,Tanggal,Provinsi_Final,Kabupaten_Final,pbph,kph,provinsi,fungsi
0.51008,122.22696,Sedang,N21,2026-07-04,Gorontalo,Boalemo,,,,APL
1.0936,121.32726,Sedang,N21,2026-07-04,Sulawesi Tengah,Buol,,,,APL
1.09165,121.32906,Sedang,N21,2026-07-04,Sulawesi Tengah,Buol,,,,APL
-2.01217,121.41977,Sedang,N21,2026-07-04,Sulawesi Tengah,Morowali,,,,APL
-2.00856,121.41917,Sedang,N21,2026-07-04,Sulawesi Tengah,Morowali,,,,APL
0.55375,120.38866,Sedang,N21,2026-07-04,Sulawesi Tengah,Parigi Moutong,,KPH Dampelas Tinombo,Sulawesi Tengah,HPT
-1.71653,120.53396,Sedang,N21,2026-07-04,Sulawesi Tengah,Poso,,KPH Sintuwu Maroso,Sulawesi Tengah,HL
0.77489,120.60876,Sedang,N21,2026-07-04,Sulawesi Tengah,Toli-Toli,,,,APL
0.91325,120.80786,Sedang,N21,2026-07-04,Sulawesi Tengah,Toli-Toli,,,,APL
